{
  "results": {
    "squad2": {
      "exact": 2.4,
      "f1": 3.441308833109896,
      "HasAns_exact": 0.2109704641350211,
      "HasAns_f1": 2.407824542425945,
      "NoAns_exact": 4.3726235741444865,
      "NoAns_f1": 4.3726235741444865,
      "best_exact": 52.6,
      "best_f1": 52.6
    }
  },
  "versions": {
    "squad2": 1
  },
  "config": {
    "model": "hf-causal-experimental",
    "model_args": "pretrained=/home/gpt-j-6B-vietnamese-news,max_length=2048",
    "num_fewshot": 5,
    "batch_size": null,
    "device": null,
    "no_cache": false,
    "limit": 1000,
    "bootstrap_iters": 100000,
    "description_dict": {}
  },
  "eval_time": 14867.929349899292
}