{
  "results": {
    "squad2": {
      "exact": 36.42,
      "f1": 39.18511425392916,
      "HasAns_exact": 73.01427709632013,
      "HasAns_f1": 78.57453097512398,
      "NoAns_exact": 0.2188183807439825,
      "NoAns_f1": 0.2188183807439825,
      "best_exact": 65.4,
      "best_f1": 67.76641861460149
    }
  },
  "versions": {
    "squad2": 1
  },
  "config": {
    "model": "hf-causal-experimental",
    "model_args": "pretrained=/home/bloomz7b1mt,max_length=2048",
    "num_fewshot": 5,
    "batch_size": null,
    "device": null,
    "no_cache": true,
    "limit": 10000,
    "bootstrap_iters": 100000,
    "description_dict": {}
  }
}